[
    {
        "code": "AF",
        "description": "Afghanistan"
    },
    {
        "code": "AL",
        "description": "Albania"
    },
    {
        "code": "DZ",
        "description": "Algeria"
    },
    {
        "code": "AS",
        "description": "American Samoa"
    },
    {
        "code": "AD",
        "description": "Andorra"
    },
    {
        "code": "AO",
        "description": "Angola"
    },
    {
        "code": "AI",
        "description": "Anguilla"
    },
    {
        "code": "AG",
        "description": "Antigua and Barbuda"
    },
    {
        "code": "AR",
        "description": "Argentina"
    },
    {
        "code": "AM",
        "description": "Armenia"
    },
    {
        "code": "AW",
        "description": "Aruba"
    },
    {
        "code": "AU",
        "description": "Australia"
    },
    {
        "code": "AT",
        "description": "Austria"
    },
    {
        "code": "AZ",
        "description": "Azerbaijan"
    },
    {
        "code": "BS",
        "description": "Bahamas"
    },
    {
        "code": "BH",
        "description": "Bahrain"
    },
    {
        "code": "BD",
        "description": "Bangladesh"
    },
    {
        "code": "BB",
        "description": "Barbados"
    },
    {
        "code": "BY",
        "description": "Belarus"
    },
    {
        "code": "BE",
        "description": "Belgium"
    },
    {
        "code": "BZ",
        "description": "Belize"
    },
    {
        "code": "BJ",
        "description": "Benin"
    },
    {
        "code": "BM",
        "description": "Bermuda"
    },
    {
        "code": "BT",
        "description": "Bhutan"
    },
    {
        "code": "BO",
        "description": "Bolivia"
    },
    {
        "code": "BQ",
        "description": "Bonaire, Saint Eustatius and Saba"
    },
    {
        "code": "BA",
        "description": "Bosnia and Herzegovina"
    },
    {
        "code": "BW",
        "description": "Botswana"
    },
    {
        "code": "BV",
        "description": "Bouvet Island"
    },
    {
        "code": "BR",
        "description": "Brazil"
    },
    {
        "code": "IO",
        "description": "British Indian Ocean territory"
    },
    {
        "code": "VG",
        "description": "Virgin Islands, British"
    },
    {
        "code": "BN",
        "description": "Brunei Darussalam"
    },
    {
        "code": "BG",
        "description": "Bulgaria"
    },
    {
        "code": "BF",
        "description": "Burkina Faso"
    },
    {
        "code": "BI",
        "description": "Burundi"
    },
    {
        "code": "CV",
        "description": "Cabo Verde"
    },
    {
        "code": "KH",
        "description": "Cambodia"
    },
    {
        "code": "CM",
        "description": "Cameroon"
    },
    {
        "code": "CA",
        "description": "Canada"
    },
    {
        "code": "KY",
        "description": "Cayman Islands"
    },
    {
        "code": "CF",
        "description": "Central African Republic"
    },
    {
        "code": "S59",
        "description": "Central & South Asia not allocated"
    },
    {
        "code": "TD",
        "description": "Chad"
    },
    {
        "code": "CL",
        "description": "Chile"
    },
    {
        "code": "HK",
        "description": "Hong Kong"
    },
    {
        "code": "MO",
        "description": "Macao"
    },
    {
        "code": "CN",
        "description": "China"
    },
    {
        "code": "CX",
        "description": "Christmas Island"
    },
    {
        "code": "CC",
        "description": "Cocos (Keeling) Islands"
    },
    {
        "code": "CO",
        "description": "Colombia"
    },
    {
        "code": "KM",
        "description": "Comoros"
    },
    {
        "code": "CD",
        "description": "Congo, the Democratic Republic of the"
    },
    {
        "code": "CG",
        "description": "Congo"
    },
    {
        "code": "CK",
        "description": "Cook Islands"
    },
    {
        "code": "CR",
        "description": "Costa Rica"
    },
    {
        "code": "CI",
        "description": "Cote d`Ivoire"
    },
    {
        "code": "HR",
        "description": "Croatia"
    },
    {
        "code": "CU",
        "description": "Cuba"
    },
    {
        "code": "1C_355",
        "description": "Curacao & St. Maarten"
    },
    {
        "code": "CW",
        "description": "Curacao"
    },
    {
        "code": "CY",
        "description": "Cyprus"
    },
    {
        "code": "CZ",
        "description": "Czech Republic"
    },
    {
        "code": "DK",
        "description": "Denmark"
    },
    {
        "code": "DJ",
        "description": "Djibouti"
    },
    {
        "code": "DM",
        "description": "Dominica"
    },
    {
        "code": "DO",
        "description": "Dominican Republic"
    },
    {
        "code": "S29",
        "description": "Eastern Asia not allocated"
    },
    {
        "code": "S359",
        "description": "Gulf Arabian Countries not allocated"
    },
    {
        "code": "EC",
        "description": "Ecuador"
    },
    {
        "code": "EG",
        "description": "Egypt"
    },
    {
        "code": "SV",
        "description": "El Salvador"
    },
    {
        "code": "GQ",
        "description": "Equatorial Guinea"
    },
    {
        "code": "ER",
        "description": "Eritrea"
    },
    {
        "code": "EE",
        "description": "Estonia"
    },
    {
        "code": "SZ",
        "description": "Eswatini"
    },
    {
        "code": "ET",
        "description": "Ethiopia"
    },
    {
        "code": "E19",
        "description": "Europe not allocated"
    },
    {
        "code": "FK",
        "description": "Falkland Islands (Malvinas)"
    },
    {
        "code": "FO",
        "description": "Faroe Islands"
    },
    {
        "code": "FJ",
        "description": "Fiji"
    },
    {
        "code": "FI",
        "description": "Finland"
    },
    {
        "code": "FR",
        "description": "France"
    },
    {
        "code": "PF",
        "description": "French Polynesia"
    },
    {
        "code": "TF",
        "description": "French Southern Territories"
    },
    {
        "code": "GA",
        "description": "Gabon"
    },
    {
        "code": "GM",
        "description": "Gambia"
    },
    {
        "code": "GE",
        "description": "Georgia"
    },
    {
        "code": "DE",
        "description": "Germany"
    },
    {
        "code": "GH",
        "description": "Ghana"
    },
    {
        "code": "GI",
        "description": "Gibraltar"
    },
    {
        "code": "GR",
        "description": "Greece"
    },
    {
        "code": "GL",
        "description": "Greenland"
    },
    {
        "code": "GD",
        "description": "Grenada"
    },
    {
        "code": "GP",
        "description": "Guadeloupe"
    },
    {
        "code": "GU",
        "description": "Guam"
    },
    {
        "code": "GT",
        "description": "Guatemala"
    },
    {
        "code": "GG",
        "description": "Guernsey"
    },
    {
        "code": "GF",
        "description": "French Guiana"
    },
    {
        "code": "GN",
        "description": "Guinea"
    },
    {
        "code": "GW",
        "description": "Guinea-Bissau"
    },
    {
        "code": "GY",
        "description": "Guyana"
    },
    {
        "code": "HT",
        "description": "Haiti"
    },
    {
        "code": "HM",
        "description": "Heard Island and McDonald Islands"
    },
    {
        "code": "VA",
        "description": "Holy See (Vatican City State)"
    },
    {
        "code": "HN",
        "description": "Honduras"
    },
    {
        "code": "HU",
        "description": "Hungary"
    },
    {
        "code": "IS",
        "description": "Iceland"
    },
    {
        "code": "IN",
        "description": "India"
    },
    {
        "code": "ID",
        "description": "Indonesia"
    },
    {
        "code": "IR",
        "description": "Iran, Islamic Republic of"
    },
    {
        "code": "IQ",
        "description": "Iraq"
    },
    {
        "code": "IE",
        "description": "Ireland"
    },
    {
        "code": "IM",
        "description": "Isle of Man"
    },
    {
        "code": "IL",
        "description": "Israel"
    },
    {
        "code": "IT",
        "description": "Italy"
    },
    {
        "code": "JM",
        "description": "Jamaica"
    },
    {
        "code": "JP",
        "description": "Japan"
    },
    {
        "code": "JE",
        "description": "Jersey"
    },
    {
        "code": "JO",
        "description": "Jordan"
    },
    {
        "code": "KZ",
        "description": "Kazakhstan"
    },
    {
        "code": "KE",
        "description": "Kenya"
    },
    {
        "code": "KI",
        "description": "Kiribati"
    },
    {
        "code": "KP",
        "description": "Korea, Democratic People`s Republic of"
    },
    {
        "code": "KR",
        "description": "Korea, Republic of"
    },
    {
        "code": "XK",
        "description": "Kosovo, Republic of"
    },
    {
        "code": "KW",
        "description": "Kuwait"
    },
    {
        "code": "KG",
        "description": "Kyrgyzstan"
    },
    {
        "code": "LA",
        "description": "Lao People`s Democratic Republic"
    },
    {
        "code": "LV",
        "description": "Latvia"
    },
    {
        "code": "LB",
        "description": "Lebanon"
    },
    {
        "code": "LS",
        "description": "Lesotho"
    },
    {
        "code": "LR",
        "description": "Liberia"
    },
    {
        "code": "LY",
        "description": "Libya"
    },
    {
        "code": "LI",
        "description": "Liechtenstein"
    },
    {
        "code": "LT",
        "description": "Lithuania"
    },
    {
        "code": "LU",
        "description": "Luxembourg"
    },
    {
        "code": "MG",
        "description": "Madagascar"
    },
    {
        "code": "MW",
        "description": "Malawi"
    },
    {
        "code": "MY",
        "description": "Malaysia"
    },
    {
        "code": "MV",
        "description": "Maldives"
    },
    {
        "code": "ML",
        "description": "Mali"
    },
    {
        "code": "MT",
        "description": "Malta"
    },
    {
        "code": "MH",
        "description": "Marshall islands"
    },
    {
        "code": "MQ",
        "description": "Martinique"
    },
    {
        "code": "MR",
        "description": "Mauritania"
    },
    {
        "code": "MU",
        "description": "Mauritius"
    },
    {
        "code": "YT",
        "description": "Mayotte"
    },
    {
        "code": "MX",
        "description": "Mexico"
    },
    {
        "code": "FM",
        "description": "Micronesia, Federated States of"
    },
    {
        "code": "MD",
        "description": "Moldova, Republic of"
    },
    {
        "code": "MC",
        "description": "Monaco"
    },
    {
        "code": "MN",
        "description": "Mongolia"
    },
    {
        "code": "ME",
        "description": "Montenegro"
    },
    {
        "code": "MS",
        "description": "Montserrat"
    },
    {
        "code": "MA",
        "description": "Morocco"
    },
    {
        "code": "MZ",
        "description": "Mozambique"
    },
    {
        "code": "MM",
        "description": "Myanmar"
    },
    {
        "code": "NA",
        "description": "Namibia"
    },
    {
        "code": "NR",
        "description": "Nauru"
    },
    {
        "code": "NP",
        "description": "Nepal"
    },
    {
        "code": "AN",
        "description": "Netherlands Antilles"
    },
    {
        "code": "NL",
        "description": "Netherlands"
    },
    {
        "code": "NC",
        "description": "New Caledonia"
    },
    {
        "code": "NZ",
        "description": "New Zealand"
    },
    {
        "code": "NI",
        "description": "Nicaragua"
    },
    {
        "code": "NE",
        "description": "Niger"
    },
    {
        "code": "NG",
        "description": "Nigeria"
    },
    {
        "code": "NU",
        "description": "Niue"
    },
    {
        "code": "NF",
        "description": "Norfolk Island"
    },
    {
        "code": "F49",
        "description": "North Africa not allocated"
    },
    {
        "code": "A29",
        "description": "North America not allocated"
    },
    {
        "code": "A69",
        "description": "North Atlantic & Caribbean not allocated"
    },
    {
        "code": "MK",
        "description": "North Macedonia, Republic of "
    },
    {
        "code": "MP",
        "description": "Northern Mariana Islands"
    },
    {
        "code": "NO",
        "description": "Norway"
    },
    {
        "code": "W09",
        "description": "World, not specified"
    },
    {
        "code": "O29",
        "description": "Oceania and Polar Regions not allocated"
    },
    {
        "code": "OM",
        "description": "Oman"
    },
    {
        "code": "S379",
        "description": "Other Near and Middle East not allocated"
    },
    {
        "code": "PK",
        "description": "Pakistan"
    },
    {
        "code": "PW",
        "description": "Palau"
    },
    {
        "code": "PA",
        "description": "Panama"
    },
    {
        "code": "PG",
        "description": "Papua New Guinea"
    },
    {
        "code": "PY",
        "description": "Paraguay"
    },
    {
        "code": "PE",
        "description": "Peru"
    },
    {
        "code": "PH",
        "description": "Philippines"
    },
    {
        "code": "PN",
        "description": "Pitcairn"
    },
    {
        "code": "PL",
        "description": "Poland"
    },
    {
        "code": "PT",
        "description": "Portugal"
    },
    {
        "code": "PR",
        "description": "Puerto Rico"
    },
    {
        "code": "QA",
        "description": "Qatar"
    },
    {
        "code": "RE",
        "description": "Reunion"
    },
    {
        "code": "RO",
        "description": "Romania"
    },
    {
        "code": "RU",
        "description": "Russian Federation"
    },
    {
        "code": "RW",
        "description": "Rwanda"
    },
    {
        "code": "SH",
        "description": "Saint Helena"
    },
    {
        "code": "PM",
        "description": "Saint Pierre and Miquelon"
    },
    {
        "code": "WS",
        "description": "Samoa"
    },
    {
        "code": "SM",
        "description": "San Marino"
    },
    {
        "code": "ST",
        "description": "Sao Tome and Principe"
    },
    {
        "code": "SA",
        "description": "Saudi Arabia"
    },
    {
        "code": "SN",
        "description": "Senegal"
    },
    {
        "code": "RS",
        "description": "Serbia"
    },
    {
        "code": "SC",
        "description": "Seychelles"
    },
    {
        "code": "SL",
        "description": "Sierra Leone"
    },
    {
        "code": "SG",
        "description": "Singapore"
    },
    {
        "code": "SX",
        "description": "Sint Maarten (Dutch part)"
    },
    {
        "code": "SK",
        "description": "Slovakia"
    },
    {
        "code": "SI",
        "description": "Slovenia"
    },
    {
        "code": "SB",
        "description": "Solomon Islands"
    },
    {
        "code": "SO",
        "description": "Somalia"
    },
    {
        "code": "ZA",
        "description": "South Africa"
    },
    {
        "code": "A79",
        "description": "South America not allocated"
    },
    {
        "code": "GS",
        "description": "South Georgia and the South Sandwich Islands"
    },
    {
        "code": "SS",
        "description": "South Sudan"
    },
    {
        "code": "ES",
        "description": "Spain"
    },
    {
        "code": "LK",
        "description": "Sri Lanka"
    },
    {
        "code": "KN",
        "description": "Saint Kitts and Nevis"
    },
    {
        "code": "LC",
        "description": "Saint Lucia"
    },
    {
        "code": "VC",
        "description": "Saint Vincent and the Grenadines"
    },
    {
        "code": "F69",
        "description": "Sub-Saharan Africa not allocated"
    },
    {
        "code": "SD",
        "description": "Sudan"
    },
    {
        "code": "SR",
        "description": "Suriname"
    },
    {
        "code": "SE",
        "description": "Sweden"
    },
    {
        "code": "CH",
        "description": "Switzerland"
    },
    {
        "code": "SY",
        "description": "Syrian Arab Republic"
    },
    {
        "code": "TW",
        "description": "Taiwan, Province of China"
    },
    {
        "code": "TJ",
        "description": "Tajikistan"
    },
    {
        "code": "TZ",
        "description": "Tanzania, United Republic of"
    },
    {
        "code": "TH",
        "description": "Thailand"
    },
    {
        "code": "TL",
        "description": "Timor-Leste"
    },
    {
        "code": "TG",
        "description": "Togo"
    },
    {
        "code": "TK",
        "description": "Tokelau"
    },
    {
        "code": "TO",
        "description": "Tonga"
    },
    {
        "code": "TT",
        "description": "Trinidad and Tobago"
    },
    {
        "code": "TN",
        "description": "Tunisia"
    },
    {
        "code": "TR",
        "description": "Türkiye"
    },
    {
        "code": "TM",
        "description": "Turkmenistan"
    },
    {
        "code": "TC",
        "description": "Turks and Caicos Islands"
    },
    {
        "code": "TV",
        "description": "Tuvalu"
    },
    {
        "code": "UG",
        "description": "Uganda"
    },
    {
        "code": "UA",
        "description": "Ukraine"
    },
    {
        "code": "AE",
        "description": "United Arab Emirates"
    },
    {
        "code": "GB",
        "description": "United Kingdom"
    },
    {
        "code": "US",
        "description": "United States"
    },
    {
        "code": "VI",
        "description": "Virgin Islands, U.S."
    },
    {
        "code": "UY",
        "description": "Uruguay"
    },
    {
        "code": "PU",
        "description": "US Pacific Islands"
    },
    {
        "code": "UZ",
        "description": "Uzbekistan"
    },
    {
        "code": "VU",
        "description": "Vanuatu"
    },
    {
        "code": "VE",
        "description": "Venezuela, Bolivarian Republic"
    },
    {
        "code": "VN",
        "description": "Viet Nam"
    },
    {
        "code": "WF",
        "description": "Wallis and Futuna"
    },
    {
        "code": "PS",
        "description": "Palestine, State of"
    },
    {
        "code": "EH",
        "description": "Western Sahara"
    },
    {
        "code": "YE",
        "description": "Yemen"
    },
    {
        "code": "ZM",
        "description": "Zambia"
    },
    {
        "code": "ZW",
        "description": "Zimbabwe"
    },
    {
        "code": "All_Reporting_Countries_Data",
        "description": "All Reporting Countries, Data"
    },
    {
        "code": "S5",
        "description": "Central & South Asia"
    },
    {
        "code": "S2",
        "description": "Eastern Asia"
    },
    {
        "code": "S35",
        "description": "Gulf Arabian Countries"
    },
    {
        "code": "E1",
        "description": "Europe"
    },
    {
        "code": "F4",
        "description": "North Africa"
    },
    {
        "code": "A2",
        "description": "North American countries"
    },
    {
        "code": "A6",
        "description": "North Atlantic & Caribbean"
    },
    {
        "code": "O2",
        "description": "Oceania and Polar Regions"
    },
    {
        "code": "S37",
        "description": "Other Near and Middle East countries"
    },
    {
        "code": "A7",
        "description": "South American countries"
    },
    {
        "code": "F6",
        "description": "Sub-Saharan Africa"
    },
    {
        "code": "W00",
        "description": "World"
    }
]